<?xml version="1.0" encoding="UTF-8"?>
<project-private xmlns="http://www.netbeans.org/ns/project-private/1">
    <editor-bookmarks xmlns="http://www.netbeans.org/ns/editor-bookmarks/2" lastBookmarkId="0"/>
    <open-files xmlns="http://www.netbeans.org/ns/projectui-open-files/2">
        <group>
            <file>file:/C:/Users/dabli/OneDrive/Documents/NetBeansProjects/OOP_LMS/src/Admin_dashboard/borrower_details.java</file>
            <file>file:/C:/Users/dabli/OneDrive/Documents/NetBeansProjects/OOP_LMS/src/Login/admin_login.java</file>
            <file>file:/C:/Users/dabli/OneDrive/Documents/NetBeansProjects/OOP_LMS/src/Lms_email/send_email.java</file>
            <file>file:/C:/Users/dabli/OneDrive/Documents/NetBeansProjects/OOP_LMS/src/Admin_dashboard/admin_dashboard.java</file>
            <file>file:/C:/Users/dabli/OneDrive/Documents/NetBeansProjects/OOP_LMS/src/MainPage/Main_page.java</file>
            <file>file:/C:/Users/dabli/OneDrive/Documents/NetBeansProjects/OOP_LMS/src/Student_Dashboard/student_dashboard.java</file>
        </group>
    </open-files>
</project-private>
